binary,architecture
IGAAxCBgAAUAAADEAKAAxCBgAAUAAADAIKAABQAAAMQAoACwECAAkhAgAJQQIADEIGAAEQAAAEAAAACQEiAAgQ==,sparc
NzC0MKCMEIlnsI0QiXeIZ5bYAUgHWBeIJ5g3kDXADBY3NQEMBoAkwGBCwC0EBgEAACgHOBcd8AAANmEAfQEpBw==,xtensa
ikgAQZwAFIFfAAiBPwAMfUlIMEgAAAiBPwAIfSNLeDl/ACCD6//8fWFbeE6AACCUIf/gk+EAHHw/C3iQfwAIkA==,powerpc
ADQDAAAACQAAAMIJIAA5AAAAxBdgAIIXIADEAEAAxgCAAICg4AECgAAyBwAAAAcAAACEEOAAxCBAAMIJIAADAA==,sparc
AAAj/HoA9HoAAAAAcP8jwAAAAAAj/HoA9HoAAAAAI/yVGtOGAAAAACP8lRrThgAAAAAj/JUa04YAAAAAQqdCpw==,m68k
DlKAYAJCgHQBtIBs9FKBcAKwgWzwIDkAAAAASnkAAAAAZzwgOQAAAAAyOQAAAABIwTAuABpIwEwBCABy/7KAZw==,m68k
////D7YFAAAAAA++wIkFAAAAAMcFAAAAAAUAAAC4AAAAAOsTSGPQixSVAAAAAIkVAAAAAIPAAYP4AX7ouQAAAA==,x86_64
uqcoAAFQIBAAp/QACFgQ0c5YIBAAWBAQAFgQ0banKAAApzgAAFgQEACnSAAAUCAQAFgQ0cpYINGyWBAQAFgQ0Q==,s390
Rg7AAQMBJs/OzQ5gUIZYEBAAWCAQAFhA8DhY4PA4B/QAAAAAAAAAAAAAAAAMBwcHBwcHB5DP8DAN0Kf6/6BYEA==,s390
GiIuYmRWbmZoMjNmLUaTNh1hG2YpAWxBpzEpAYJmYDH/4RpiKDAByQbiLUAPYBuSDUJ3MikCZzIpAikjFZIgMw==,sh4
AAAAAKxgABg8AgAAlEQAIiQDAAE8AgAArEMACDwCAACMRQAkPAIAACRDABCUQgAQpGIAAiQCAB4kQv//FED//w==,mips
8EDgUOBIX19PgeCQ4OQX9QcE9IDgkOCQkwAAgJMAAIDgkOAAwAGWAMCA4JDgGBYZBgT0gOCQ4ADAT19fTwDAQA==,avr
VgL9QQAAwCAAWAvAIABYBMAgAEgEgQAAWARIA1kGMpMCwCAASQjAIAA5CMAgACkIwCAAyQhIDzKfAsAgAEkIwA==,xtensa
YOcWNj0gAACQ6gAEgUoAEJDJAAA4wAAAkQkAAJDpAACRCQAAkQkAAJEJAACRSQAATMYxgkgAAAGAAQAUOGAAAA==,powerpc
FAAAAhQDBEH/+AAAAACvqQAYpWAAfAIgECEAAKAhAACoIYzDAIiDpAAbhQMAjgCDABoAYAH0AAAgEBSAAMKM4w==,mips
ghBgAAUAAAAQgAAFwiCgAICgYAEkv///ggBgAZAKIP+Bw+AIAQAAAAMAAADCAGAAgIhg/wKAAAqAoGAAhBAgGA==,sparc
gACCEGARwiCAAAMAAADGAGAAwgbgAIIA4AGAiGARAoAABgMAAADEAGAAwgCAAII4AAHCIIAAAwAAAMgHYADIIA==,sparc
AKgZDALAIACpCJIZBICZI8AgAJkIkQAAogkAoKB0wCAAqQjAIACoGcAgAKkIkhkEoQAAgJkjwCAAmQiBAADgCA==,xtensa
FQAAAAC6YN///4Pw+WaJBQAAAACJ0LkGAAAAMdJm9/FmhdJ1B2aLBQAAAABIxwUAAAAAAAAAAMYFAAAAAAQPtg==,x86_64
/0cAAEGwAAAQIgAAQbAAAMOgAADWoh8E/18AAEGwAABdJAAAwbAAAN0kAABCMAAAxqAAAMGyAABjIAAAQbAAAA==,alphaev56
AAAA+mch3hJQ6oj0iwGQCwAJAKCbCQAMAAAAAAAAACJPFNALQAkABqAA4QhAEtIuAxLSMiIBcQLiJzH2jxNgCw==,sh4
AZEqAAiBKgAUOSkAAZEqABQ5IAACmSoAEIDqABiBKgAggSoAKJDHAACRCQAAPQAAAIEIAAA5AP//gSoANJEKAA==,powerpc
QHsjGEA7IAIhAuIiISTSIYQMZyKEDGM4Y3sjMiEjhAxnJIQMYAhgCyclhAxjJoQoQxzSKEB7IxhAOyAgYwIhPA==,sh4
WCAgAFAgEACnGAAAp/QAGRgxGjKJMAACWEDQ+lhDQABYMNESUEAwAKcqAAGn9AAEpygAABIip8T/7acaAAESEQ==,s390
hOUAMJLlATCD4wAwguUEMNTlAwBY4fX//zoYUJvlFCCb5b1dJeI2UCXiGFCL5QAQoOMBAKDjBCCN5f7//+sQMA==,arm
NDspAByTQQAYk2EAHJOBACCToQAkk8EAKJPhACyDSgAAiUkANINpAAQ5Sv//g4kACFVKBj6DqQAMmUkAND1AAA==,powerpc
LDCf5TAQk+UsIJ/lABCC5bQz0+EAMILlACCg4wAwoOMgAJ/l/v//6wAAoOMQQL3oHv8v4QAAAAA8juM4AAAAAA==,arm
AIbgkOCQkwAAgJMAAI7vn++QkwAAgJMAAB+SH5Ifkh+SH5Ifkh+SH5KA4JDgn5OPkwDQjbeetwqWD7b4lJ6/Dw==,avr
KAAAWDDRVlcgMABQIDAAWBDRUlhQ0XZYUFAAUFAQAFhQ0V5YUFAAUFAQAFhQ0U5IUFAAUFAQAFBAEABYQNFKWA==,s390
IC4ACH4ARgfOgC1H/4gwLv+6EAACgAAAAP8gbv+IkcAwOQAAAAAgAEKCFAAgOQAAAAAMgAAA//ZWwUQBSq7/4A==,m68k
SAdHogIGOwBIByeUB0gXR7MCxjcAKAfmEgcoB/ySKBe8Uign5hIxKCfMMiInA+xyIQAAyAfYF6EAALEAAOACAA==,xtensa
EDwDAACMrAAEjGUADDwDAACAiAAUjGQACKxNAACsTAAArEsAAKxKAACsSQAArEgAAKxHAACsRgAArEUAAKxEAA==,mips
CgBJAAA4oAAAkAEAFDjAAACBKQAAOGMAAIFKAAQ9IAAAkUkAAEzGMYJIAAABgAEAFDhgAAA4IQAQfAgDpk6AAA==,powerpc
qAAARLgIAGMkBABkkAAAAAAEAESgBQBkkAAAAAAFAESgBgBjkAAAAAAGAEOgSADCjyHowANEAL+PQAC+jzwAsQ==,mipsel
YwFwA4g9YzIhIWItYiIh848DYgvRAOUL0BJhC9QSJgHhEiYLQADmAOAmTwsACQAJAAQAAAAUAAAAAAAAABAAAA==,sh4
AjwAAEOsAAADPAAAY4wAAAQ84P+9JwAAQ6whMAAAGAADJCE4AAAAAIQkAABDrBwAv68AAAAMAAAAABwAv48hEA==,mipsel
kAEAFDigAACQ6gAEOMAAAIDpAAA9IAAAOGMAAJDpAAA44AC9kOkAAIDqAAiQ6QAAkQkAAIFKAAyRSQAAOUAApA==,powerpc
AAA8AgAAAAAAAEUAAAAAQQ4QhgJDDQYCQAwHCAAAHAAAAFwCAAAAAAAANQAAAABBDhCGAkMNBnAMBwgAAAAcAA==,x86_64
sAAAPSQAACGgAgCfIAAAIrAAAD0kAAAhIAAAoSgkMYBAAAB9JAYAISAFAOVzAACisPv/oSgFAOVzAACisPz/oQ==,alphaev56
BP9HAQDgwwEwIED+/z/sKAAepgAAfacAQFtrAAC6JwAAvSMAAF0kAAAiMCF2IEghMSBAIXYgSAAAIjQMAODDAQ==,alphaev56
jLoTBDzg/70nAABDrCSphDQAAAM8HAC/rwAARKwAAGSUAABjJP//hDAAAESsBABjjAAABDwAAEOs//8DJAAAQA==,mipsel
J73/+K++AAQDoPAhr8QACK/FAAyPwgAIBEAAEgAAAACPwgAMLEIAIBBAAA4AAAAAPAJ//zRD//+PwgAMAEMYBw==,mips
AKDhANBL4gSwneQe/y/hBLAt5QCwjeIM0E3iCAAL5QwQC+UIIBvlDDAb5QMgIuAIEBvlDDAb5QEwI+ACEQPiCA==,arm
1tIBIhcCgCIj1kIBIhcAgDIjIhcCgCIjQQAAICTAJyMQMhcAIhcCKiMgIPSAIiNGAQAiFwCAIiMd8AAAADZhAA==,xtensa
wge//ICgQAMYgAAbAQAAAMIHoEyCCGAggKBgAAKAAAgBAAAAxAe//MIHoEy5KIABuhAgABCAABEBAAAAwge//A==,sparc
dQeALQAAAAABSIsFAAAAALjjpQAAMcmZSIs1AAAAAMcFAAAAAOP////3+THJiQYPtgUAAAAAiwUAAAAAiwUAAA==,x86_64
AADrBboBAAAAQYnYuQAAAABIic5Mie/oRP7//0G4AAAAAEyJwUSJ4kyJxkiJx+i3/f//uAAAAABbXUFcQV3Diw==,x86_64
AAA8AgAAJEIAFDwEAAAQAP/cJIQAODwCAAAkA///rEMAACQDAAKsQwAArEAAAKxDAACsQAAAJAP/+qxDAACsQA==,mips
MmNhKDH24iIxKQYnBhoCKDEdYXwxGCEFjQNkOCMEjwDhBKAVQQGgAOEB4RVBAY0A5v/mN9U40AtACQADYQhBDA==,sh4
ABCRCQAAkOkAAJEJAAA5AAAJmAQABJEJAACRRAAIkUQADJFMAACRSQAATMYxgkgAAAGAAQAUOGAAADghABB8CA==,powerpc
